treatment,num_tests,dilution,finished,solution_found,max_gen,max_score,max_actual_score,replicate_id,seed,directory
cohort,100,0_00000,False,True,193,100,100,1,38101,cohort/100/0_00000/38101/
cohort,100,0_00000,False,True,200,100,100,2,38102,cohort/100/0_00000/38102/
cohort,100,0_00000,False,True,65,99,99,3,38103,cohort/100/0_00000/38103/
cohort,100,0_00000,True,False,300,100,100,4,38104,cohort/100/0_00000/38104/
cohort,100,0_00000,False,True,49,100,100,5,38105,cohort/100/0_00000/38105/
cohort,100,0_00000,True,False,300,100,100,6,38106,cohort/100/0_00000/38106/
cohort,100,0_00000,True,False,300,100,100,7,38107,cohort/100/0_00000/38107/
cohort,100,0_00000,False,True,143,100,100,8,38108,cohort/100/0_00000/38108/
cohort,100,0_00000,False,True,172,100,100,9,38109,cohort/100/0_00000/38109/
cohort,100,0_00000,False,True,45,100,100,10,38110,cohort/100/0_00000/38110/
cohort,100,0_00000,False,True,87,100,100,11,38111,cohort/100/0_00000/38111/
cohort,100,0_00000,True,False,300,100,100,12,38112,cohort/100/0_00000/38112/
cohort,100,0_00000,False,True,149,100,100,13,38113,cohort/100/0_00000/38113/
cohort,100,0_00000,False,True,180,100,100,14,38114,cohort/100/0_00000/38114/
cohort,100,0_00000,False,True,231,99,99,15,38115,cohort/100/0_00000/38115/
cohort,100,0_00000,False,True,205,100,100,16,38116,cohort/100/0_00000/38116/
cohort,100,0_00000,False,True,48,91,91,17,38117,cohort/100/0_00000/38117/
cohort,100,0_00000,False,True,31,100,100,18,38118,cohort/100/0_00000/38118/
cohort,100,0_00000,False,True,189,100,100,19,38119,cohort/100/0_00000/38119/
cohort,100,0_00000,False,True,218,100,100,20,38120,cohort/100/0_00000/38120/
cohort,100,0_00000,False,True,208,100,100,21,38121,cohort/100/0_00000/38121/
cohort,100,0_00000,True,False,300,93,93,22,38122,cohort/100/0_00000/38122/
cohort,100,0_00000,False,True,154,100,100,23,38123,cohort/100/0_00000/38123/
cohort,100,0_00000,True,False,300,99,99,24,38124,cohort/100/0_00000/38124/
cohort,100,0_00000,False,True,270,100,100,25,38125,cohort/100/0_00000/38125/
cohort,100,0_00000,False,True,111,94,94,26,38126,cohort/100/0_00000/38126/
cohort,100,0_00000,False,True,73,100,100,27,38127,cohort/100/0_00000/38127/
cohort,100,0_00000,False,True,193,98,98,28,38128,cohort/100/0_00000/38128/
cohort,100,0_00000,False,True,137,98,98,29,38129,cohort/100/0_00000/38129/
cohort,100,0_00000,False,True,39,100,100,30,38130,cohort/100/0_00000/38130/
cohort,100,0_00000,True,False,300,100,100,31,38131,cohort/100/0_00000/38131/
cohort,100,0_00000,False,True,143,100,100,32,38132,cohort/100/0_00000/38132/
cohort,100,0_00000,False,True,186,97,97,33,38133,cohort/100/0_00000/38133/
cohort,100,0_00000,True,False,300,96,96,34,38134,cohort/100/0_00000/38134/
cohort,100,0_00000,False,True,299,99,99,35,38135,cohort/100/0_00000/38135/
cohort,100,0_00000,False,True,28,100,100,36,38136,cohort/100/0_00000/38136/
cohort,100,0_00000,False,True,127,100,100,37,38137,cohort/100/0_00000/38137/
cohort,100,0_00000,False,True,126,100,100,38,38138,cohort/100/0_00000/38138/
cohort,100,0_00000,False,True,86,100,100,39,38139,cohort/100/0_00000/38139/
cohort,100,0_00000,False,True,93,98,98,40,38140,cohort/100/0_00000/38140/
cohort,100,0_00000,True,False,300,100,100,41,38141,cohort/100/0_00000/38141/
cohort,100,0_00000,True,False,300,91,91,42,38142,cohort/100/0_00000/38142/
cohort,100,0_00000,False,True,171,100,100,43,38143,cohort/100/0_00000/38143/
cohort,100,0_00000,False,True,184,97,97,44,38144,cohort/100/0_00000/38144/
cohort,100,0_00000,False,True,51,100,100,45,38145,cohort/100/0_00000/38145/
cohort,100,0_00000,True,False,300,97,97,46,38146,cohort/100/0_00000/38146/
cohort,100,0_00000,False,True,53,89,89,47,38147,cohort/100/0_00000/38147/
cohort,100,0_00000,False,True,256,100,100,48,38148,cohort/100/0_00000/38148/
cohort,100,0_00000,True,False,300,91,91,49,38149,cohort/100/0_00000/38149/
cohort,100,0_00000,False,True,208,98,98,50,38150,cohort/100/0_00000/38150/
cohort,50,0_00000,False,True,188,50,50,1,39101,cohort/50/0_00000/39101/
cohort,50,0_00000,False,True,171,49,49,2,39102,cohort/50/0_00000/39102/
cohort,50,0_00000,True,False,600,50,50,3,39103,cohort/50/0_00000/39103/
cohort,50,0_00000,False,True,186,50,50,4,39104,cohort/50/0_00000/39104/
cohort,50,0_00000,True,False,600,50,50,5,39105,cohort/50/0_00000/39105/
cohort,50,0_00000,False,True,426,50,50,6,39106,cohort/50/0_00000/39106/
cohort,50,0_00000,False,True,270,50,50,7,39107,cohort/50/0_00000/39107/
cohort,50,0_00000,False,True,223,50,50,8,39108,cohort/50/0_00000/39108/
cohort,50,0_00000,False,True,106,50,50,9,39109,cohort/50/0_00000/39109/
cohort,50,0_00000,True,False,600,50,50,10,39110,cohort/50/0_00000/39110/
cohort,50,0_00000,False,True,489,50,50,11,39111,cohort/50/0_00000/39111/
cohort,50,0_00000,False,True,165,50,50,12,39112,cohort/50/0_00000/39112/
cohort,50,0_00000,True,False,600,50,50,13,39113,cohort/50/0_00000/39113/
cohort,50,0_00000,False,True,134,50,50,14,39114,cohort/50/0_00000/39114/
cohort,50,0_00000,False,True,388,50,50,15,39115,cohort/50/0_00000/39115/
cohort,50,0_00000,True,False,600,50,50,16,39116,cohort/50/0_00000/39116/
cohort,50,0_00000,False,True,336,50,50,17,39117,cohort/50/0_00000/39117/
cohort,50,0_00000,False,True,160,50,50,18,39118,cohort/50/0_00000/39118/
cohort,50,0_00000,False,True,293,50,50,19,39119,cohort/50/0_00000/39119/
cohort,50,0_00000,False,True,143,48,48,20,39120,cohort/50/0_00000/39120/
cohort,50,0_00000,False,True,176,50,50,21,39121,cohort/50/0_00000/39121/
cohort,50,0_00000,False,True,156,50,50,22,39122,cohort/50/0_00000/39122/
cohort,50,0_00000,False,True,222,50,50,23,39123,cohort/50/0_00000/39123/
cohort,50,0_00000,False,True,162,47,47,24,39124,cohort/50/0_00000/39124/
cohort,50,0_00000,False,True,124,50,50,25,39125,cohort/50/0_00000/39125/
cohort,50,0_00000,False,True,583,50,50,26,39126,cohort/50/0_00000/39126/
cohort,50,0_00000,False,True,101,50,50,27,39127,cohort/50/0_00000/39127/
cohort,50,0_00000,False,True,103,50,50,28,39128,cohort/50/0_00000/39128/
cohort,50,0_00000,True,False,600,50,50,29,39129,cohort/50/0_00000/39129/
cohort,50,0_00000,False,True,71,50,50,30,39130,cohort/50/0_00000/39130/
cohort,50,0_00000,False,True,312,50,50,31,39131,cohort/50/0_00000/39131/
cohort,50,0_00000,True,False,600,50,50,32,39132,cohort/50/0_00000/39132/
cohort,50,0_00000,False,True,316,50,50,33,39133,cohort/50/0_00000/39133/
cohort,50,0_00000,False,True,141,50,50,34,39134,cohort/50/0_00000/39134/
cohort,50,0_00000,True,False,600,50,50,35,39135,cohort/50/0_00000/39135/
cohort,50,0_00000,False,True,31,40,40,36,39136,cohort/50/0_00000/39136/
cohort,50,0_00000,True,False,600,50,50,37,39137,cohort/50/0_00000/39137/
cohort,50,0_00000,True,False,600,50,50,38,39138,cohort/50/0_00000/39138/
cohort,50,0_00000,True,False,600,50,50,39,39139,cohort/50/0_00000/39139/
cohort,50,0_00000,False,True,168,50,50,40,39140,cohort/50/0_00000/39140/
cohort,50,0_00000,False,True,224,50,50,41,39141,cohort/50/0_00000/39141/
cohort,50,0_00000,True,False,600,50,50,42,39142,cohort/50/0_00000/39142/
cohort,50,0_00000,False,True,98,50,50,43,39143,cohort/50/0_00000/39143/
cohort,50,0_00000,False,True,249,50,50,44,39144,cohort/50/0_00000/39144/
cohort,50,0_00000,False,True,317,50,50,45,39145,cohort/50/0_00000/39145/
cohort,50,0_00000,False,True,219,50,50,46,39146,cohort/50/0_00000/39146/
cohort,50,0_00000,True,False,600,50,50,47,39147,cohort/50/0_00000/39147/
cohort,50,0_00000,False,True,194,50,50,48,39148,cohort/50/0_00000/39148/
cohort,50,0_00000,False,True,290,50,50,49,39149,cohort/50/0_00000/39149/
cohort,50,0_00000,False,True,201,50,50,50,39150,cohort/50/0_00000/39150/
cohort,25,0_00000,False,True,653,25,25,1,40101,cohort/25/0_00000/40101/
cohort,25,0_00000,False,True,77,25,25,2,40102,cohort/25/0_00000/40102/
cohort,25,0_00000,False,True,83,23,23,3,40103,cohort/25/0_00000/40103/
cohort,25,0_00000,False,True,738,25,25,4,40104,cohort/25/0_00000/40104/
cohort,25,0_00000,False,True,495,25,25,5,40105,cohort/25/0_00000/40105/
cohort,25,0_00000,False,True,251,25,25,6,40106,cohort/25/0_00000/40106/
cohort,25,0_00000,False,True,583,25,25,7,40107,cohort/25/0_00000/40107/
cohort,25,0_00000,False,True,211,25,25,8,40108,cohort/25/0_00000/40108/
cohort,25,0_00000,False,True,129,25,25,9,40109,cohort/25/0_00000/40109/
cohort,25,0_00000,False,True,959,25,25,10,40110,cohort/25/0_00000/40110/
cohort,25,0_00000,True,False,1200,25,25,11,40111,cohort/25/0_00000/40111/
cohort,25,0_00000,False,True,1011,25,25,12,40112,cohort/25/0_00000/40112/
cohort,25,0_00000,False,True,461,25,25,13,40113,cohort/25/0_00000/40113/
cohort,25,0_00000,False,True,512,25,25,14,40114,cohort/25/0_00000/40114/
cohort,25,0_00000,False,True,70,25,25,15,40115,cohort/25/0_00000/40115/
cohort,25,0_00000,False,True,423,25,25,16,40116,cohort/25/0_00000/40116/
cohort,25,0_00000,False,True,455,25,25,17,40117,cohort/25/0_00000/40117/
cohort,25,0_00000,False,True,657,25,25,18,40118,cohort/25/0_00000/40118/
cohort,25,0_00000,True,False,1200,25,25,19,40119,cohort/25/0_00000/40119/
cohort,25,0_00000,True,False,1200,25,25,20,40120,cohort/25/0_00000/40120/
cohort,25,0_00000,True,False,1200,25,25,21,40121,cohort/25/0_00000/40121/
cohort,25,0_00000,False,True,317,25,25,22,40122,cohort/25/0_00000/40122/
cohort,25,0_00000,False,True,180,25,25,23,40123,cohort/25/0_00000/40123/
cohort,25,0_00000,False,True,1001,25,25,24,40124,cohort/25/0_00000/40124/
cohort,25,0_00000,False,True,591,25,25,25,40125,cohort/25/0_00000/40125/
cohort,25,0_00000,False,True,1053,25,25,26,40126,cohort/25/0_00000/40126/
cohort,25,0_00000,False,True,158,25,25,27,40127,cohort/25/0_00000/40127/
cohort,25,0_00000,False,True,438,25,25,28,40128,cohort/25/0_00000/40128/
cohort,25,0_00000,False,True,416,25,25,29,40129,cohort/25/0_00000/40129/
cohort,25,0_00000,False,True,254,25,25,30,40130,cohort/25/0_00000/40130/
cohort,25,0_00000,True,False,1200,25,25,31,40131,cohort/25/0_00000/40131/
cohort,25,0_00000,False,True,581,25,25,32,40132,cohort/25/0_00000/40132/
cohort,25,0_00000,False,True,610,25,25,33,40133,cohort/25/0_00000/40133/
cohort,25,0_00000,True,False,1200,25,25,34,40134,cohort/25/0_00000/40134/
cohort,25,0_00000,True,False,1200,25,25,35,40135,cohort/25/0_00000/40135/
cohort,25,0_00000,False,True,101,25,25,36,40136,cohort/25/0_00000/40136/
cohort,25,0_00000,True,False,1200,25,25,37,40137,cohort/25/0_00000/40137/
cohort,25,0_00000,False,True,63,25,25,38,40138,cohort/25/0_00000/40138/
cohort,25,0_00000,False,True,162,25,25,39,40139,cohort/25/0_00000/40139/
cohort,25,0_00000,False,True,684,25,25,40,40140,cohort/25/0_00000/40140/
cohort,25,0_00000,False,True,247,25,25,41,40141,cohort/25/0_00000/40141/
cohort,25,0_00000,False,True,429,25,25,42,40142,cohort/25/0_00000/40142/
cohort,25,0_00000,False,True,43,25,25,43,40143,cohort/25/0_00000/40143/
cohort,25,0_00000,False,True,96,25,25,44,40144,cohort/25/0_00000/40144/
cohort,25,0_00000,True,False,1200,25,25,45,40145,cohort/25/0_00000/40145/
cohort,25,0_00000,False,True,455,25,25,46,40146,cohort/25/0_00000/40146/
cohort,25,0_00000,False,True,209,25,25,47,40147,cohort/25/0_00000/40147/
cohort,25,0_00000,False,True,738,25,25,48,40148,cohort/25/0_00000/40148/
cohort,25,0_00000,False,True,587,25,25,49,40149,cohort/25/0_00000/40149/
cohort,25,0_00000,False,True,206,25,25,50,40150,cohort/25/0_00000/40150/
cohort,10,0_00000,False,True,182,10,10,1,41101,cohort/10/0_00000/41101/
cohort,10,0_00000,False,True,1418,10,10,2,41102,cohort/10/0_00000/41102/
cohort,10,0_00000,False,True,303,10,10,3,41103,cohort/10/0_00000/41103/
cohort,10,0_00000,False,True,228,10,10,4,41104,cohort/10/0_00000/41104/
cohort,10,0_00000,False,True,252,10,10,5,41105,cohort/10/0_00000/41105/
cohort,10,0_00000,False,True,901,10,10,6,41106,cohort/10/0_00000/41106/
cohort,10,0_00000,False,True,461,10,10,7,41107,cohort/10/0_00000/41107/
cohort,10,0_00000,False,True,369,10,10,8,41108,cohort/10/0_00000/41108/
cohort,10,0_00000,False,True,1174,10,10,9,41109,cohort/10/0_00000/41109/
cohort,10,0_00000,False,True,303,10,10,10,41110,cohort/10/0_00000/41110/
cohort,10,0_00000,True,False,3000,10,10,11,41111,cohort/10/0_00000/41111/
cohort,10,0_00000,False,True,339,10,10,12,41112,cohort/10/0_00000/41112/
cohort,10,0_00000,False,True,411,10,10,13,41113,cohort/10/0_00000/41113/
cohort,10,0_00000,False,True,296,10,10,14,41114,cohort/10/0_00000/41114/
cohort,10,0_00000,False,True,126,10,10,15,41115,cohort/10/0_00000/41115/
cohort,10,0_00000,False,True,369,10,10,16,41116,cohort/10/0_00000/41116/
cohort,10,0_00000,False,True,158,10,10,17,41117,cohort/10/0_00000/41117/
cohort,10,0_00000,False,True,278,10,10,18,41118,cohort/10/0_00000/41118/
cohort,10,0_00000,False,True,1083,10,10,19,41119,cohort/10/0_00000/41119/
cohort,10,0_00000,False,True,293,10,10,20,41120,cohort/10/0_00000/41120/
cohort,10,0_00000,True,False,3000,10,10,21,41121,cohort/10/0_00000/41121/
cohort,10,0_00000,False,True,2446,10,10,22,41122,cohort/10/0_00000/41122/
cohort,10,0_00000,False,True,555,10,10,23,41123,cohort/10/0_00000/41123/
cohort,10,0_00000,False,True,158,10,10,24,41124,cohort/10/0_00000/41124/
cohort,10,0_00000,False,True,207,10,10,25,41125,cohort/10/0_00000/41125/
cohort,10,0_00000,False,True,282,10,10,26,41126,cohort/10/0_00000/41126/
cohort,10,0_00000,False,False,1704,10,10,27,41127,cohort/10/0_00000/41127/
cohort,10,0_00000,False,True,324,10,10,28,41128,cohort/10/0_00000/41128/
cohort,10,0_00000,False,True,340,10,10,29,41129,cohort/10/0_00000/41129/
cohort,10,0_00000,False,True,124,10,10,30,41130,cohort/10/0_00000/41130/
cohort,10,0_00000,True,False,3000,10,10,31,41131,cohort/10/0_00000/41131/
cohort,10,0_00000,False,True,382,10,10,32,41132,cohort/10/0_00000/41132/
cohort,10,0_00000,False,True,326,10,10,33,41133,cohort/10/0_00000/41133/
cohort,10,0_00000,False,True,1677,10,10,34,41134,cohort/10/0_00000/41134/
cohort,10,0_00000,False,True,800,10,10,35,41135,cohort/10/0_00000/41135/
cohort,10,0_00000,False,True,37,10,10,36,41136,cohort/10/0_00000/41136/
cohort,10,0_00000,False,True,523,10,10,37,41137,cohort/10/0_00000/41137/
cohort,10,0_00000,False,True,419,10,10,38,41138,cohort/10/0_00000/41138/
cohort,10,0_00000,False,True,113,10,10,39,41139,cohort/10/0_00000/41139/
cohort,10,0_00000,False,True,516,10,10,40,41140,cohort/10/0_00000/41140/
cohort,10,0_00000,False,True,424,10,10,41,41141,cohort/10/0_00000/41141/
cohort,10,0_00000,True,False,3000,10,10,42,41142,cohort/10/0_00000/41142/
cohort,10,0_00000,False,True,1335,10,10,43,41143,cohort/10/0_00000/41143/
cohort,10,0_00000,False,True,114,10,10,44,41144,cohort/10/0_00000/41144/
cohort,10,0_00000,False,True,223,10,10,45,41145,cohort/10/0_00000/41145/
cohort,10,0_00000,False,True,900,10,10,46,41146,cohort/10/0_00000/41146/
cohort,10,0_00000,False,True,435,10,10,47,41147,cohort/10/0_00000/41147/
cohort,10,0_00000,True,False,3000,10,10,48,41148,cohort/10/0_00000/41148/
cohort,10,0_00000,False,True,37,10,10,49,41149,cohort/10/0_00000/41149/
cohort,10,0_00000,False,True,195,10,10,50,41150,cohort/10/0_00000/41150/
cohort,5,0_00000,False,True,223,5,5,1,42101,cohort/5/0_00000/42101/
cohort,5,0_00000,False,True,141,5,5,2,42102,cohort/5/0_00000/42102/
cohort,5,0_00000,False,True,832,5,5,3,42103,cohort/5/0_00000/42103/
cohort,5,0_00000,False,True,934,5,5,4,42104,cohort/5/0_00000/42104/
cohort,5,0_00000,False,True,215,5,5,5,42105,cohort/5/0_00000/42105/
cohort,5,0_00000,False,True,261,5,5,6,42106,cohort/5/0_00000/42106/
cohort,5,0_00000,False,True,488,5,5,7,42107,cohort/5/0_00000/42107/
cohort,5,0_00000,False,True,546,5,5,8,42108,cohort/5/0_00000/42108/
cohort,5,0_00000,False,True,1887,5,5,9,42109,cohort/5/0_00000/42109/
cohort,5,0_00000,False,True,747,5,5,10,42110,cohort/5/0_00000/42110/
cohort,5,0_00000,False,True,1231,5,5,11,42111,cohort/5/0_00000/42111/
cohort,5,0_00000,False,True,449,5,5,12,42112,cohort/5/0_00000/42112/
cohort,5,0_00000,False,True,335,5,5,13,42113,cohort/5/0_00000/42113/
cohort,5,0_00000,True,False,6000,5,5,14,42114,cohort/5/0_00000/42114/
cohort,5,0_00000,False,True,487,5,5,15,42115,cohort/5/0_00000/42115/
cohort,5,0_00000,False,True,856,5,5,16,42116,cohort/5/0_00000/42116/
cohort,5,0_00000,False,True,565,5,5,17,42117,cohort/5/0_00000/42117/
cohort,5,0_00000,False,True,693,5,5,18,42118,cohort/5/0_00000/42118/
cohort,5,0_00000,False,True,166,5,5,19,42119,cohort/5/0_00000/42119/
cohort,5,0_00000,False,True,628,5,5,20,42120,cohort/5/0_00000/42120/
cohort,5,0_00000,False,True,321,5,5,21,42121,cohort/5/0_00000/42121/
cohort,5,0_00000,False,True,820,5,5,22,42122,cohort/5/0_00000/42122/
cohort,5,0_00000,False,True,2717,5,5,23,42123,cohort/5/0_00000/42123/
cohort,5,0_00000,False,True,765,5,5,24,42124,cohort/5/0_00000/42124/
cohort,5,0_00000,False,True,1212,5,5,25,42125,cohort/5/0_00000/42125/
cohort,5,0_00000,False,True,460,5,5,26,42126,cohort/5/0_00000/42126/
cohort,5,0_00000,False,True,2356,5,5,27,42127,cohort/5/0_00000/42127/
cohort,5,0_00000,False,False,5355,5,5,28,42128,cohort/5/0_00000/42128/
cohort,5,0_00000,False,True,5091,5,5,29,42129,cohort/5/0_00000/42129/
cohort,5,0_00000,False,True,325,5,5,30,42130,cohort/5/0_00000/42130/
cohort,5,0_00000,False,True,561,5,5,31,42131,cohort/5/0_00000/42131/
cohort,5,0_00000,False,True,278,5,5,32,42132,cohort/5/0_00000/42132/
cohort,5,0_00000,True,False,6000,5,5,33,42133,cohort/5/0_00000/42133/
cohort,5,0_00000,False,True,60,5,5,34,42134,cohort/5/0_00000/42134/
cohort,5,0_00000,False,True,525,5,5,35,42135,cohort/5/0_00000/42135/
cohort,5,0_00000,False,True,463,5,5,36,42136,cohort/5/0_00000/42136/
cohort,5,0_00000,False,True,165,5,5,37,42137,cohort/5/0_00000/42137/
cohort,5,0_00000,False,True,746,5,5,38,42138,cohort/5/0_00000/42138/
cohort,5,0_00000,False,True,181,5,5,39,42139,cohort/5/0_00000/42139/
cohort,5,0_00000,False,True,235,5,5,40,42140,cohort/5/0_00000/42140/
cohort,5,0_00000,True,False,6000,5,5,41,42141,cohort/5/0_00000/42141/
cohort,5,0_00000,False,True,2664,5,5,42,42142,cohort/5/0_00000/42142/
cohort,5,0_00000,True,False,6000,5,5,43,42143,cohort/5/0_00000/42143/
cohort,5,0_00000,False,True,488,5,5,44,42144,cohort/5/0_00000/42144/
cohort,5,0_00000,False,True,2340,5,5,45,42145,cohort/5/0_00000/42145/
cohort,5,0_00000,False,True,1194,5,5,46,42146,cohort/5/0_00000/42146/
cohort,5,0_00000,False,True,629,5,5,47,42147,cohort/5/0_00000/42147/
cohort,5,0_00000,False,True,368,5,5,48,42148,cohort/5/0_00000/42148/
cohort,5,0_00000,False,True,457,5,5,49,42149,cohort/5/0_00000/42149/
cohort,5,0_00000,False,True,807,5,5,50,42150,cohort/5/0_00000/42150/
reduced,100,0_00000,True,False,300,95,95,1,28101,reduced/100/0_00000/28101/
reduced,100,0_00000,False,True,99,95,95,2,28102,reduced/100/0_00000/28102/
reduced,100,0_00000,True,False,300,87,87,3,28103,reduced/100/0_00000/28103/
reduced,100,0_00000,False,True,64,100,100,4,28104,reduced/100/0_00000/28104/
reduced,100,0_00000,True,False,300,86,86,5,28105,reduced/100/0_00000/28105/
reduced,100,0_00000,False,True,237,100,100,6,28106,reduced/100/0_00000/28106/
reduced,100,0_00000,False,True,188,100,100,7,28107,reduced/100/0_00000/28107/
reduced,100,0_00000,True,False,300,90,90,8,28108,reduced/100/0_00000/28108/
reduced,100,0_00000,False,True,144,100,100,9,28109,reduced/100/0_00000/28109/
reduced,100,0_00000,False,True,147,98,98,10,28110,reduced/100/0_00000/28110/
reduced,100,0_00000,True,False,300,100,100,11,28111,reduced/100/0_00000/28111/
reduced,100,0_00000,False,True,170,98,98,12,28112,reduced/100/0_00000/28112/
reduced,100,0_00000,True,False,300,100,100,13,28113,reduced/100/0_00000/28113/
reduced,100,0_00000,True,False,300,94,94,14,28114,reduced/100/0_00000/28114/
reduced,100,0_00000,False,True,210,100,100,15,28115,reduced/100/0_00000/28115/
reduced,100,0_00000,False,True,126,100,100,16,28116,reduced/100/0_00000/28116/
reduced,100,0_00000,True,False,300,100,100,17,28117,reduced/100/0_00000/28117/
reduced,100,0_00000,False,True,175,100,100,18,28118,reduced/100/0_00000/28118/
reduced,100,0_00000,True,False,300,86,86,19,28119,reduced/100/0_00000/28119/
reduced,100,0_00000,False,True,112,100,100,20,28120,reduced/100/0_00000/28120/
reduced,100,0_00000,False,True,245,100,100,21,28121,reduced/100/0_00000/28121/
reduced,100,0_00000,False,True,183,100,100,22,28122,reduced/100/0_00000/28122/
reduced,100,0_00000,False,True,83,100,100,23,28123,reduced/100/0_00000/28123/
reduced,100,0_00000,False,True,149,95,95,24,28124,reduced/100/0_00000/28124/
reduced,100,0_00000,True,False,300,100,100,25,28125,reduced/100/0_00000/28125/
reduced,100,0_00000,True,False,300,100,100,26,28126,reduced/100/0_00000/28126/
reduced,100,0_00000,False,True,139,100,100,27,28127,reduced/100/0_00000/28127/
reduced,100,0_00000,True,False,300,100,100,28,28128,reduced/100/0_00000/28128/
reduced,100,0_00000,True,False,300,94,94,29,28129,reduced/100/0_00000/28129/
reduced,100,0_00000,False,True,107,99,99,30,28130,reduced/100/0_00000/28130/
reduced,100,0_00000,True,False,300,99,99,31,28131,reduced/100/0_00000/28131/
reduced,100,0_00000,False,True,103,95,95,32,28132,reduced/100/0_00000/28132/
reduced,100,0_00000,False,True,277,99,99,33,28133,reduced/100/0_00000/28133/
reduced,100,0_00000,True,False,300,100,100,34,28134,reduced/100/0_00000/28134/
reduced,100,0_00000,True,False,300,86,86,35,28135,reduced/100/0_00000/28135/
reduced,100,0_00000,True,False,300,98,98,36,28136,reduced/100/0_00000/28136/
reduced,100,0_00000,False,True,197,100,100,37,28137,reduced/100/0_00000/28137/
reduced,100,0_00000,True,False,300,98,98,38,28138,reduced/100/0_00000/28138/
reduced,100,0_00000,False,True,88,100,100,39,28139,reduced/100/0_00000/28139/
reduced,100,0_00000,True,False,300,100,100,40,28140,reduced/100/0_00000/28140/
reduced,100,0_00000,False,True,109,100,100,41,28141,reduced/100/0_00000/28141/
reduced,100,0_00000,True,False,300,99,99,42,28142,reduced/100/0_00000/28142/
reduced,100,0_00000,True,False,300,95,95,43,28143,reduced/100/0_00000/28143/
reduced,100,0_00000,False,True,149,100,100,44,28144,reduced/100/0_00000/28144/
reduced,100,0_00000,False,True,212,100,100,45,28145,reduced/100/0_00000/28145/
reduced,100,0_00000,True,False,300,100,100,46,28146,reduced/100/0_00000/28146/
reduced,100,0_00000,True,False,300,100,100,47,28147,reduced/100/0_00000/28147/
reduced,100,0_00000,True,False,300,98,98,48,28148,reduced/100/0_00000/28148/
reduced,100,0_00000,True,False,300,100,100,49,28149,reduced/100/0_00000/28149/
reduced,100,0_00000,False,True,275,100,100,50,28150,reduced/100/0_00000/28150/
reduced,50,0_00000,True,False,600,50,50,1,29101,reduced/50/0_00000/29101/
reduced,50,0_00000,False,True,434,50,50,2,29102,reduced/50/0_00000/29102/
reduced,50,0_00000,False,True,23,50,50,3,29103,reduced/50/0_00000/29103/
reduced,50,0_00000,True,False,600,50,50,4,29104,reduced/50/0_00000/29104/
reduced,50,0_00000,False,True,254,50,50,5,29105,reduced/50/0_00000/29105/
reduced,50,0_00000,True,False,600,49,49,6,29106,reduced/50/0_00000/29106/
reduced,50,0_00000,True,False,600,50,50,7,29107,reduced/50/0_00000/29107/
reduced,50,0_00000,False,True,297,50,50,8,29108,reduced/50/0_00000/29108/
reduced,50,0_00000,False,True,280,50,50,9,29109,reduced/50/0_00000/29109/
reduced,50,0_00000,False,True,519,50,50,10,29110,reduced/50/0_00000/29110/
reduced,50,0_00000,True,False,600,50,50,11,29111,reduced/50/0_00000/29111/
reduced,50,0_00000,False,True,63,50,50,12,29112,reduced/50/0_00000/29112/
reduced,50,0_00000,True,False,600,50,50,13,29113,reduced/50/0_00000/29113/
reduced,50,0_00000,False,True,133,46,46,14,29114,reduced/50/0_00000/29114/
reduced,50,0_00000,False,True,192,50,50,15,29115,reduced/50/0_00000/29115/
reduced,50,0_00000,False,True,53,50,50,16,29116,reduced/50/0_00000/29116/
reduced,50,0_00000,True,False,600,50,50,17,29117,reduced/50/0_00000/29117/
reduced,50,0_00000,False,True,268,50,50,18,29118,reduced/50/0_00000/29118/
reduced,50,0_00000,True,False,600,50,50,19,29119,reduced/50/0_00000/29119/
reduced,50,0_00000,False,True,67,50,50,20,29120,reduced/50/0_00000/29120/
reduced,50,0_00000,True,False,600,50,50,21,29121,reduced/50/0_00000/29121/
reduced,50,0_00000,True,False,600,50,50,22,29122,reduced/50/0_00000/29122/
reduced,50,0_00000,True,False,600,50,50,23,29123,reduced/50/0_00000/29123/
reduced,50,0_00000,True,False,600,50,50,24,29124,reduced/50/0_00000/29124/
reduced,50,0_00000,True,False,600,50,50,25,29125,reduced/50/0_00000/29125/
reduced,50,0_00000,False,True,158,48,48,26,29126,reduced/50/0_00000/29126/
reduced,50,0_00000,True,False,600,50,50,27,29127,reduced/50/0_00000/29127/
reduced,50,0_00000,False,True,372,50,50,28,29128,reduced/50/0_00000/29128/
reduced,50,0_00000,True,False,600,49,49,29,29129,reduced/50/0_00000/29129/
reduced,50,0_00000,True,False,600,50,50,30,29130,reduced/50/0_00000/29130/
reduced,50,0_00000,True,False,600,49,49,31,29131,reduced/50/0_00000/29131/
reduced,50,0_00000,False,True,274,50,50,32,29132,reduced/50/0_00000/29132/
reduced,50,0_00000,True,False,600,50,50,33,29133,reduced/50/0_00000/29133/
reduced,50,0_00000,True,False,600,50,50,34,29134,reduced/50/0_00000/29134/
reduced,50,0_00000,False,True,334,50,50,35,29135,reduced/50/0_00000/29135/
reduced,50,0_00000,False,True,189,50,50,36,29136,reduced/50/0_00000/29136/
reduced,50,0_00000,True,False,600,50,50,37,29137,reduced/50/0_00000/29137/
reduced,50,0_00000,False,True,257,50,50,38,29138,reduced/50/0_00000/29138/
reduced,50,0_00000,False,True,395,50,50,39,29139,reduced/50/0_00000/29139/
reduced,50,0_00000,False,True,399,50,50,40,29140,reduced/50/0_00000/29140/
reduced,50,0_00000,True,False,600,50,50,41,29141,reduced/50/0_00000/29141/
reduced,50,0_00000,False,True,444,49,49,42,29142,reduced/50/0_00000/29142/
reduced,50,0_00000,True,False,600,50,50,43,29143,reduced/50/0_00000/29143/
reduced,50,0_00000,True,False,600,50,50,44,29144,reduced/50/0_00000/29144/
reduced,50,0_00000,False,True,265,50,50,45,29145,reduced/50/0_00000/29145/
reduced,50,0_00000,False,True,259,45,45,46,29146,reduced/50/0_00000/29146/
reduced,50,0_00000,False,True,118,46,46,47,29147,reduced/50/0_00000/29147/
reduced,50,0_00000,False,True,185,50,50,48,29148,reduced/50/0_00000/29148/
reduced,50,0_00000,True,False,600,49,49,49,29149,reduced/50/0_00000/29149/
reduced,50,0_00000,False,True,122,50,50,50,29150,reduced/50/0_00000/29150/
reduced,25,0_00000,False,True,85,22,22,1,30101,reduced/25/0_00000/30101/
reduced,25,0_00000,True,False,1200,25,25,2,30102,reduced/25/0_00000/30102/
reduced,25,0_00000,True,False,1200,25,25,3,30103,reduced/25/0_00000/30103/
reduced,25,0_00000,False,True,121,25,25,4,30104,reduced/25/0_00000/30104/
reduced,25,0_00000,False,True,67,23,23,5,30105,reduced/25/0_00000/30105/
reduced,25,0_00000,False,True,101,25,25,6,30106,reduced/25/0_00000/30106/
reduced,25,0_00000,True,False,1200,25,25,7,30107,reduced/25/0_00000/30107/
reduced,25,0_00000,False,True,187,25,25,8,30108,reduced/25/0_00000/30108/
reduced,25,0_00000,True,False,1200,25,25,9,30109,reduced/25/0_00000/30109/
reduced,25,0_00000,True,False,1200,25,25,10,30110,reduced/25/0_00000/30110/
reduced,25,0_00000,True,False,1200,25,25,11,30111,reduced/25/0_00000/30111/
reduced,25,0_00000,True,False,1200,25,25,12,30112,reduced/25/0_00000/30112/
reduced,25,0_00000,True,False,1200,25,25,13,30113,reduced/25/0_00000/30113/
reduced,25,0_00000,True,False,1200,25,25,14,30114,reduced/25/0_00000/30114/
reduced,25,0_00000,True,False,1200,25,25,15,30115,reduced/25/0_00000/30115/
reduced,25,0_00000,False,True,161,25,25,16,30116,reduced/25/0_00000/30116/
reduced,25,0_00000,False,True,322,25,25,17,30117,reduced/25/0_00000/30117/
reduced,25,0_00000,False,True,100,23,23,18,30118,reduced/25/0_00000/30118/
reduced,25,0_00000,True,False,1200,25,25,19,30119,reduced/25/0_00000/30119/
reduced,25,0_00000,True,False,1200,25,25,20,30120,reduced/25/0_00000/30120/
reduced,25,0_00000,True,False,1200,25,25,21,30121,reduced/25/0_00000/30121/
reduced,25,0_00000,True,False,1200,25,25,22,30122,reduced/25/0_00000/30122/
reduced,25,0_00000,False,True,386,25,25,23,30123,reduced/25/0_00000/30123/
reduced,25,0_00000,False,True,220,25,25,24,30124,reduced/25/0_00000/30124/
reduced,25,0_00000,True,False,1200,25,25,25,30125,reduced/25/0_00000/30125/
reduced,25,0_00000,True,False,1200,25,25,26,30126,reduced/25/0_00000/30126/
reduced,25,0_00000,True,False,1200,25,25,27,30127,reduced/25/0_00000/30127/
reduced,25,0_00000,True,False,1200,25,25,28,30128,reduced/25/0_00000/30128/
reduced,25,0_00000,True,False,1200,25,25,29,30129,reduced/25/0_00000/30129/
reduced,25,0_00000,False,True,86,25,25,30,30130,reduced/25/0_00000/30130/
reduced,25,0_00000,True,False,1200,25,25,31,30131,reduced/25/0_00000/30131/
reduced,25,0_00000,False,True,161,25,25,32,30132,reduced/25/0_00000/30132/
reduced,25,0_00000,True,False,1200,25,25,33,30133,reduced/25/0_00000/30133/
reduced,25,0_00000,True,False,1200,25,25,34,30134,reduced/25/0_00000/30134/
reduced,25,0_00000,True,False,1200,25,25,35,30135,reduced/25/0_00000/30135/
reduced,25,0_00000,True,False,1200,25,25,36,30136,reduced/25/0_00000/30136/
reduced,25,0_00000,True,False,1200,25,25,37,30137,reduced/25/0_00000/30137/
reduced,25,0_00000,True,False,1200,25,25,38,30138,reduced/25/0_00000/30138/
reduced,25,0_00000,True,False,1200,25,25,39,30139,reduced/25/0_00000/30139/
reduced,25,0_00000,False,True,77,24,24,40,30140,reduced/25/0_00000/30140/
reduced,25,0_00000,False,True,120,25,25,41,30141,reduced/25/0_00000/30141/
reduced,25,0_00000,True,False,1200,25,25,42,30142,reduced/25/0_00000/30142/
reduced,25,0_00000,True,False,1200,25,25,43,30143,reduced/25/0_00000/30143/
reduced,25,0_00000,True,False,1200,25,25,44,30144,reduced/25/0_00000/30144/
reduced,25,0_00000,False,True,179,25,25,45,30145,reduced/25/0_00000/30145/
reduced,25,0_00000,False,True,1096,25,25,46,30146,reduced/25/0_00000/30146/
reduced,25,0_00000,False,True,769,25,25,47,30147,reduced/25/0_00000/30147/
reduced,25,0_00000,True,False,1200,25,25,48,30148,reduced/25/0_00000/30148/
reduced,25,0_00000,True,False,1200,25,25,49,30149,reduced/25/0_00000/30149/
reduced,25,0_00000,True,False,1200,25,25,50,30150,reduced/25/0_00000/30150/
reduced,10,0_00000,False,True,455,10,10,1,31101,reduced/10/0_00000/31101/
reduced,10,0_00000,True,False,3000,10,10,2,31102,reduced/10/0_00000/31102/
reduced,10,0_00000,True,False,3000,10,10,3,31103,reduced/10/0_00000/31103/
reduced,10,0_00000,True,False,3000,10,10,4,31104,reduced/10/0_00000/31104/
reduced,10,0_00000,True,False,3000,10,10,5,31105,reduced/10/0_00000/31105/
reduced,10,0_00000,True,False,3000,10,10,6,31106,reduced/10/0_00000/31106/
reduced,10,0_00000,False,False,2768,10,10,7,31107,reduced/10/0_00000/31107/
reduced,10,0_00000,True,False,3000,10,10,8,31108,reduced/10/0_00000/31108/
reduced,10,0_00000,True,False,3000,10,10,9,31109,reduced/10/0_00000/31109/
reduced,10,0_00000,False,True,126,10,10,10,31110,reduced/10/0_00000/31110/
reduced,10,0_00000,True,False,3000,10,10,11,31111,reduced/10/0_00000/31111/
reduced,10,0_00000,True,False,3000,10,10,12,31112,reduced/10/0_00000/31112/
reduced,10,0_00000,True,False,3000,10,10,13,31113,reduced/10/0_00000/31113/
reduced,10,0_00000,False,True,1812,10,10,14,31114,reduced/10/0_00000/31114/
reduced,10,0_00000,True,False,3000,10,10,15,31115,reduced/10/0_00000/31115/
reduced,10,0_00000,True,False,3000,10,10,16,31116,reduced/10/0_00000/31116/
reduced,10,0_00000,True,False,3000,10,10,17,31117,reduced/10/0_00000/31117/
reduced,10,0_00000,True,False,3000,10,10,18,31118,reduced/10/0_00000/31118/
reduced,10,0_00000,True,False,3000,10,10,19,31119,reduced/10/0_00000/31119/
reduced,10,0_00000,True,False,3000,10,10,20,31120,reduced/10/0_00000/31120/
reduced,10,0_00000,False,True,1216,10,10,21,31121,reduced/10/0_00000/31121/
reduced,10,0_00000,True,False,3000,10,10,22,31122,reduced/10/0_00000/31122/
reduced,10,0_00000,True,False,3000,10,10,23,31123,reduced/10/0_00000/31123/
reduced,10,0_00000,True,False,3000,10,10,24,31124,reduced/10/0_00000/31124/
reduced,10,0_00000,True,False,3000,10,10,25,31125,reduced/10/0_00000/31125/
reduced,10,0_00000,True,False,3000,10,10,26,31126,reduced/10/0_00000/31126/
reduced,10,0_00000,False,True,262,9,9,27,31127,reduced/10/0_00000/31127/
reduced,10,0_00000,True,False,3000,10,10,28,31128,reduced/10/0_00000/31128/
reduced,10,0_00000,True,False,3000,10,10,29,31129,reduced/10/0_00000/31129/
reduced,10,0_00000,True,False,3000,10,10,30,31130,reduced/10/0_00000/31130/
reduced,10,0_00000,True,False,3000,10,10,31,31131,reduced/10/0_00000/31131/
reduced,10,0_00000,True,False,3000,10,10,32,31132,reduced/10/0_00000/31132/
reduced,10,0_00000,True,False,3000,10,10,33,31133,reduced/10/0_00000/31133/
reduced,10,0_00000,True,False,3000,10,10,34,31134,reduced/10/0_00000/31134/
reduced,10,0_00000,True,False,3000,10,10,35,31135,reduced/10/0_00000/31135/
reduced,10,0_00000,True,False,3000,10,10,36,31136,reduced/10/0_00000/31136/
reduced,10,0_00000,True,False,3000,10,10,37,31137,reduced/10/0_00000/31137/
reduced,10,0_00000,True,False,3000,10,10,38,31138,reduced/10/0_00000/31138/
reduced,10,0_00000,True,False,3000,10,10,39,31139,reduced/10/0_00000/31139/
reduced,10,0_00000,True,False,3000,10,10,40,31140,reduced/10/0_00000/31140/
reduced,10,0_00000,False,True,664,10,10,41,31141,reduced/10/0_00000/31141/
reduced,10,0_00000,True,False,3000,10,10,42,31142,reduced/10/0_00000/31142/
reduced,10,0_00000,True,False,3000,10,10,43,31143,reduced/10/0_00000/31143/
reduced,10,0_00000,False,True,2229,10,10,44,31144,reduced/10/0_00000/31144/
reduced,10,0_00000,True,False,3000,10,10,45,31145,reduced/10/0_00000/31145/
reduced,10,0_00000,True,False,3000,10,10,46,31146,reduced/10/0_00000/31146/
reduced,10,0_00000,True,False,3000,10,10,47,31147,reduced/10/0_00000/31147/
reduced,10,0_00000,True,False,3000,10,10,48,31148,reduced/10/0_00000/31148/
reduced,10,0_00000,True,False,3000,10,10,49,31149,reduced/10/0_00000/31149/
reduced,10,0_00000,True,False,3000,10,10,50,31150,reduced/10/0_00000/31150/
reduced,5,0_00000,True,False,6000,5,5,1,32101,reduced/5/0_00000/32101/
reduced,5,0_00000,True,False,6000,5,5,2,32102,reduced/5/0_00000/32102/
reduced,5,0_00000,True,False,6000,5,5,3,32103,reduced/5/0_00000/32103/
reduced,5,0_00000,True,False,6000,5,5,4,32104,reduced/5/0_00000/32104/
reduced,5,0_00000,True,False,6000,5,5,5,32105,reduced/5/0_00000/32105/
reduced,5,0_00000,True,False,6000,5,5,6,32106,reduced/5/0_00000/32106/
reduced,5,0_00000,True,False,6000,5,5,7,32107,reduced/5/0_00000/32107/
reduced,5,0_00000,True,False,6000,5,5,8,32108,reduced/5/0_00000/32108/
reduced,5,0_00000,False,True,3999,5,5,9,32109,reduced/5/0_00000/32109/
reduced,5,0_00000,True,False,6000,5,5,10,32110,reduced/5/0_00000/32110/
reduced,5,0_00000,False,True,3146,5,5,11,32111,reduced/5/0_00000/32111/
reduced,5,0_00000,True,False,6000,5,5,12,32112,reduced/5/0_00000/32112/
reduced,5,0_00000,True,False,6000,5,5,13,32113,reduced/5/0_00000/32113/
reduced,5,0_00000,True,False,6000,5,5,14,32114,reduced/5/0_00000/32114/
reduced,5,0_00000,True,False,6000,5,5,15,32115,reduced/5/0_00000/32115/
reduced,5,0_00000,True,False,6000,5,5,16,32116,reduced/5/0_00000/32116/
reduced,5,0_00000,True,False,6000,5,5,17,32117,reduced/5/0_00000/32117/
reduced,5,0_00000,True,False,6000,5,5,18,32118,reduced/5/0_00000/32118/
reduced,5,0_00000,True,False,6000,5,5,19,32119,reduced/5/0_00000/32119/
reduced,5,0_00000,True,False,6000,5,5,20,32120,reduced/5/0_00000/32120/
reduced,5,0_00000,True,False,6000,5,5,21,32121,reduced/5/0_00000/32121/
reduced,5,0_00000,True,False,6000,5,5,22,32122,reduced/5/0_00000/32122/
reduced,5,0_00000,True,False,6000,5,5,23,32123,reduced/5/0_00000/32123/
reduced,5,0_00000,True,False,6000,5,5,24,32124,reduced/5/0_00000/32124/
reduced,5,0_00000,True,False,6000,5,5,25,32125,reduced/5/0_00000/32125/
reduced,5,0_00000,False,True,2689,5,5,26,32126,reduced/5/0_00000/32126/
reduced,5,0_00000,True,False,6000,5,5,27,32127,reduced/5/0_00000/32127/
reduced,5,0_00000,True,False,6000,5,5,28,32128,reduced/5/0_00000/32128/
reduced,5,0_00000,True,False,6000,5,5,29,32129,reduced/5/0_00000/32129/
reduced,5,0_00000,True,False,6000,5,5,30,32130,reduced/5/0_00000/32130/
reduced,5,0_00000,True,False,6000,5,5,31,32131,reduced/5/0_00000/32131/
reduced,5,0_00000,True,False,6000,5,5,32,32132,reduced/5/0_00000/32132/
reduced,5,0_00000,True,False,6000,5,5,33,32133,reduced/5/0_00000/32133/
reduced,5,0_00000,True,False,6000,5,5,34,32134,reduced/5/0_00000/32134/
reduced,5,0_00000,True,False,6000,5,5,35,32135,reduced/5/0_00000/32135/
reduced,5,0_00000,True,False,6000,5,5,36,32136,reduced/5/0_00000/32136/
reduced,5,0_00000,True,False,6000,5,5,37,32137,reduced/5/0_00000/32137/
reduced,5,0_00000,True,False,6000,5,5,38,32138,reduced/5/0_00000/32138/
reduced,5,0_00000,True,False,6000,5,5,39,32139,reduced/5/0_00000/32139/
reduced,5,0_00000,True,False,6000,5,5,40,32140,reduced/5/0_00000/32140/
reduced,5,0_00000,True,False,6000,5,5,41,32141,reduced/5/0_00000/32141/
reduced,5,0_00000,True,False,6000,5,5,42,32142,reduced/5/0_00000/32142/
reduced,5,0_00000,True,False,6000,5,5,43,32143,reduced/5/0_00000/32143/
reduced,5,0_00000,True,False,6000,5,5,44,32144,reduced/5/0_00000/32144/
reduced,5,0_00000,True,False,6000,5,5,45,32145,reduced/5/0_00000/32145/
reduced,5,0_00000,True,False,6000,5,5,46,32146,reduced/5/0_00000/32146/
reduced,5,0_00000,True,False,6000,5,5,47,32147,reduced/5/0_00000/32147/
reduced,5,0_00000,True,False,6000,5,5,48,32148,reduced/5/0_00000/32148/
reduced,5,0_00000,True,False,6000,5,5,49,32149,reduced/5/0_00000/32149/
reduced,5,0_00000,True,False,6000,5,5,50,32150,reduced/5/0_00000/32150/
downsampled,100,0_00000,False,True,103,100,100,1,48101,downsampled/100/0_00000/48101/
downsampled,100,0_00000,False,True,81,97,97,2,48102,downsampled/100/0_00000/48102/
downsampled,100,0_00000,False,True,136,90,90,3,48103,downsampled/100/0_00000/48103/
downsampled,100,0_00000,True,False,300,98,98,4,48104,downsampled/100/0_00000/48104/
downsampled,100,0_00000,True,False,300,100,100,5,48105,downsampled/100/0_00000/48105/
downsampled,100,0_00000,False,True,173,99,99,6,48106,downsampled/100/0_00000/48106/
downsampled,100,0_00000,True,False,300,100,100,7,48107,downsampled/100/0_00000/48107/
downsampled,100,0_00000,True,False,300,98,98,8,48108,downsampled/100/0_00000/48108/
downsampled,100,0_00000,True,False,300,100,100,9,48109,downsampled/100/0_00000/48109/
downsampled,100,0_00000,False,True,51,100,100,10,48110,downsampled/100/0_00000/48110/
downsampled,100,0_00000,False,True,121,98,98,11,48111,downsampled/100/0_00000/48111/
downsampled,100,0_00000,False,True,133,100,100,12,48112,downsampled/100/0_00000/48112/
downsampled,100,0_00000,False,True,166,97,97,13,48113,downsampled/100/0_00000/48113/
downsampled,100,0_00000,False,True,200,100,100,14,48114,downsampled/100/0_00000/48114/
downsampled,100,0_00000,False,True,237,100,100,15,48115,downsampled/100/0_00000/48115/
downsampled,100,0_00000,True,False,300,100,100,16,48116,downsampled/100/0_00000/48116/
downsampled,100,0_00000,False,True,249,100,100,17,48117,downsampled/100/0_00000/48117/
downsampled,100,0_00000,False,True,128,100,100,18,48118,downsampled/100/0_00000/48118/
downsampled,100,0_00000,True,False,300,98,98,19,48119,downsampled/100/0_00000/48119/
downsampled,100,0_00000,True,False,300,100,100,20,48120,downsampled/100/0_00000/48120/
downsampled,100,0_00000,True,False,300,98,98,21,48121,downsampled/100/0_00000/48121/
downsampled,100,0_00000,False,True,284,97,97,22,48122,downsampled/100/0_00000/48122/
downsampled,100,0_00000,True,False,300,99,99,23,48123,downsampled/100/0_00000/48123/
downsampled,100,0_00000,True,False,300,100,100,24,48124,downsampled/100/0_00000/48124/
downsampled,100,0_00000,False,True,133,100,100,25,48125,downsampled/100/0_00000/48125/
downsampled,100,0_00000,False,True,275,100,100,26,48126,downsampled/100/0_00000/48126/
downsampled,100,0_00000,True,False,300,100,100,27,48127,downsampled/100/0_00000/48127/
downsampled,100,0_00000,True,False,300,98,98,28,48128,downsampled/100/0_00000/48128/
downsampled,100,0_00000,False,True,162,100,100,29,48129,downsampled/100/0_00000/48129/
downsampled,100,0_00000,True,False,300,100,100,30,48130,downsampled/100/0_00000/48130/
downsampled,100,0_00000,True,False,300,95,95,31,48131,downsampled/100/0_00000/48131/
downsampled,100,0_00000,True,False,300,99,99,32,48132,downsampled/100/0_00000/48132/
downsampled,100,0_00000,True,False,300,97,97,33,48133,downsampled/100/0_00000/48133/
downsampled,100,0_00000,True,False,300,98,98,34,48134,downsampled/100/0_00000/48134/
downsampled,100,0_00000,False,True,124,100,100,35,48135,downsampled/100/0_00000/48135/
downsampled,100,0_00000,False,True,149,99,99,36,48136,downsampled/100/0_00000/48136/
downsampled,100,0_00000,True,False,300,95,95,37,48137,downsampled/100/0_00000/48137/
downsampled,100,0_00000,True,False,300,99,99,38,48138,downsampled/100/0_00000/48138/
downsampled,100,0_00000,True,False,300,100,100,39,48139,downsampled/100/0_00000/48139/
downsampled,100,0_00000,False,True,118,95,95,40,48140,downsampled/100/0_00000/48140/
downsampled,100,0_00000,False,True,228,100,100,41,48141,downsampled/100/0_00000/48141/
downsampled,100,0_00000,False,True,194,98,98,42,48142,downsampled/100/0_00000/48142/
downsampled,100,0_00000,True,False,300,95,95,43,48143,downsampled/100/0_00000/48143/
downsampled,100,0_00000,True,False,300,88,88,44,48144,downsampled/100/0_00000/48144/
downsampled,100,0_00000,False,True,97,100,100,45,48145,downsampled/100/0_00000/48145/
downsampled,100,0_00000,True,False,300,100,100,46,48146,downsampled/100/0_00000/48146/
downsampled,100,0_00000,False,True,277,100,100,47,48147,downsampled/100/0_00000/48147/
downsampled,100,0_00000,False,True,62,100,100,48,48148,downsampled/100/0_00000/48148/
downsampled,100,0_00000,False,True,221,100,100,49,48149,downsampled/100/0_00000/48149/
downsampled,100,0_00000,False,True,196,100,100,50,48150,downsampled/100/0_00000/48150/
downsampled,50,0_00000,False,True,343,50,50,1,49101,downsampled/50/0_00000/49101/
downsampled,50,0_00000,False,True,106,50,50,2,49102,downsampled/50/0_00000/49102/
downsampled,50,0_00000,True,False,600,50,50,3,49103,downsampled/50/0_00000/49103/
downsampled,50,0_00000,True,False,600,50,50,4,49104,downsampled/50/0_00000/49104/
downsampled,50,0_00000,False,True,103,49,49,5,49105,downsampled/50/0_00000/49105/
downsampled,50,0_00000,False,True,263,50,50,6,49106,downsampled/50/0_00000/49106/
downsampled,50,0_00000,False,True,203,50,50,7,49107,downsampled/50/0_00000/49107/
downsampled,50,0_00000,True,False,600,50,50,8,49108,downsampled/50/0_00000/49108/
downsampled,50,0_00000,False,True,258,50,50,9,49109,downsampled/50/0_00000/49109/
downsampled,50,0_00000,False,True,174,50,50,10,49110,downsampled/50/0_00000/49110/
downsampled,50,0_00000,False,True,121,50,50,11,49111,downsampled/50/0_00000/49111/
downsampled,50,0_00000,False,True,148,49,49,12,49112,downsampled/50/0_00000/49112/
downsampled,50,0_00000,False,True,280,50,50,13,49113,downsampled/50/0_00000/49113/
downsampled,50,0_00000,True,False,600,50,50,14,49114,downsampled/50/0_00000/49114/
downsampled,50,0_00000,False,True,417,50,50,15,49115,downsampled/50/0_00000/49115/
downsampled,50,0_00000,True,False,600,50,50,16,49116,downsampled/50/0_00000/49116/
downsampled,50,0_00000,False,True,212,50,50,17,49117,downsampled/50/0_00000/49117/
downsampled,50,0_00000,False,True,369,50,50,18,49118,downsampled/50/0_00000/49118/
downsampled,50,0_00000,True,False,600,50,50,19,49119,downsampled/50/0_00000/49119/
downsampled,50,0_00000,False,True,455,50,50,20,49120,downsampled/50/0_00000/49120/
downsampled,50,0_00000,False,True,199,50,50,21,49121,downsampled/50/0_00000/49121/
downsampled,50,0_00000,True,False,600,50,50,22,49122,downsampled/50/0_00000/49122/
downsampled,50,0_00000,False,True,115,50,50,23,49123,downsampled/50/0_00000/49123/
downsampled,50,0_00000,True,False,600,50,50,24,49124,downsampled/50/0_00000/49124/
downsampled,50,0_00000,False,True,348,50,50,25,49125,downsampled/50/0_00000/49125/
downsampled,50,0_00000,True,False,600,50,50,26,49126,downsampled/50/0_00000/49126/
downsampled,50,0_00000,False,True,472,50,50,27,49127,downsampled/50/0_00000/49127/
downsampled,50,0_00000,False,True,555,50,50,28,49128,downsampled/50/0_00000/49128/
downsampled,50,0_00000,False,True,444,50,50,29,49129,downsampled/50/0_00000/49129/
downsampled,50,0_00000,False,True,75,48,48,30,49130,downsampled/50/0_00000/49130/
downsampled,50,0_00000,False,True,293,48,48,31,49131,downsampled/50/0_00000/49131/
downsampled,50,0_00000,True,False,600,50,50,32,49132,downsampled/50/0_00000/49132/
downsampled,50,0_00000,False,True,320,50,50,33,49133,downsampled/50/0_00000/49133/
downsampled,50,0_00000,True,False,600,50,50,34,49134,downsampled/50/0_00000/49134/
downsampled,50,0_00000,False,True,124,50,50,35,49135,downsampled/50/0_00000/49135/
downsampled,50,0_00000,False,True,271,50,50,36,49136,downsampled/50/0_00000/49136/
downsampled,50,0_00000,True,False,600,50,50,37,49137,downsampled/50/0_00000/49137/
downsampled,50,0_00000,False,True,291,50,50,38,49138,downsampled/50/0_00000/49138/
downsampled,50,0_00000,False,True,420,50,50,39,49139,downsampled/50/0_00000/49139/
downsampled,50,0_00000,False,True,65,50,50,40,49140,downsampled/50/0_00000/49140/
downsampled,50,0_00000,False,True,230,50,50,41,49141,downsampled/50/0_00000/49141/
downsampled,50,0_00000,True,False,600,50,50,42,49142,downsampled/50/0_00000/49142/
downsampled,50,0_00000,False,True,178,50,50,43,49143,downsampled/50/0_00000/49143/
downsampled,50,0_00000,False,True,105,50,50,44,49144,downsampled/50/0_00000/49144/
downsampled,50,0_00000,True,False,600,50,50,45,49145,downsampled/50/0_00000/49145/
downsampled,50,0_00000,False,True,104,50,50,46,49146,downsampled/50/0_00000/49146/
downsampled,50,0_00000,True,False,600,50,50,47,49147,downsampled/50/0_00000/49147/
downsampled,50,0_00000,False,True,145,50,50,48,49148,downsampled/50/0_00000/49148/
downsampled,50,0_00000,True,False,600,50,50,49,49149,downsampled/50/0_00000/49149/
downsampled,50,0_00000,False,True,100,50,50,50,49150,downsampled/50/0_00000/49150/
downsampled,25,0_00000,False,True,165,25,25,1,50101,downsampled/25/0_00000/50101/
downsampled,25,0_00000,False,True,49,25,25,2,50102,downsampled/25/0_00000/50102/
downsampled,25,0_00000,False,True,620,25,25,3,50103,downsampled/25/0_00000/50103/
downsampled,25,0_00000,False,True,465,25,25,4,50104,downsampled/25/0_00000/50104/
downsampled,25,0_00000,False,True,353,25,25,5,50105,downsampled/25/0_00000/50105/
downsampled,25,0_00000,False,True,402,25,25,6,50106,downsampled/25/0_00000/50106/
downsampled,25,0_00000,False,True,811,25,25,7,50107,downsampled/25/0_00000/50107/
downsampled,25,0_00000,False,True,1044,25,25,8,50108,downsampled/25/0_00000/50108/
downsampled,25,0_00000,False,True,171,25,25,9,50109,downsampled/25/0_00000/50109/
downsampled,25,0_00000,False,True,38,25,25,10,50110,downsampled/25/0_00000/50110/
downsampled,25,0_00000,False,True,220,25,25,11,50111,downsampled/25/0_00000/50111/
downsampled,25,0_00000,False,True,383,25,25,12,50112,downsampled/25/0_00000/50112/
downsampled,25,0_00000,True,False,1200,25,25,13,50113,downsampled/25/0_00000/50113/
downsampled,25,0_00000,False,True,366,25,25,14,50114,downsampled/25/0_00000/50114/
downsampled,25,0_00000,False,True,264,25,25,15,50115,downsampled/25/0_00000/50115/
downsampled,25,0_00000,False,True,157,25,25,16,50116,downsampled/25/0_00000/50116/
downsampled,25,0_00000,False,True,98,25,25,17,50117,downsampled/25/0_00000/50117/
downsampled,25,0_00000,True,False,1200,25,25,18,50118,downsampled/25/0_00000/50118/
downsampled,25,0_00000,False,True,359,25,25,19,50119,downsampled/25/0_00000/50119/
downsampled,25,0_00000,True,False,1200,25,25,20,50120,downsampled/25/0_00000/50120/
downsampled,25,0_00000,False,True,70,25,25,21,50121,downsampled/25/0_00000/50121/
downsampled,25,0_00000,False,True,245,25,25,22,50122,downsampled/25/0_00000/50122/
downsampled,25,0_00000,True,False,1200,25,25,23,50123,downsampled/25/0_00000/50123/
downsampled,25,0_00000,False,True,341,25,25,24,50124,downsampled/25/0_00000/50124/
downsampled,25,0_00000,True,False,1200,25,25,25,50125,downsampled/25/0_00000/50125/
downsampled,25,0_00000,False,True,260,25,25,26,50126,downsampled/25/0_00000/50126/
downsampled,25,0_00000,False,True,817,25,25,27,50127,downsampled/25/0_00000/50127/
downsampled,25,0_00000,False,True,481,25,25,28,50128,downsampled/25/0_00000/50128/
downsampled,25,0_00000,True,False,1200,25,25,29,50129,downsampled/25/0_00000/50129/
downsampled,25,0_00000,False,True,80,25,25,30,50130,downsampled/25/0_00000/50130/
downsampled,25,0_00000,False,True,294,25,25,31,50131,downsampled/25/0_00000/50131/
downsampled,25,0_00000,False,True,131,25,25,32,50132,downsampled/25/0_00000/50132/
downsampled,25,0_00000,False,True,432,25,25,33,50133,downsampled/25/0_00000/50133/
downsampled,25,0_00000,False,True,127,25,25,34,50134,downsampled/25/0_00000/50134/
downsampled,25,0_00000,True,False,1200,25,25,35,50135,downsampled/25/0_00000/50135/
downsampled,25,0_00000,False,True,173,25,25,36,50136,downsampled/25/0_00000/50136/
downsampled,25,0_00000,False,True,117,24,24,37,50137,downsampled/25/0_00000/50137/
downsampled,25,0_00000,False,True,174,25,25,38,50138,downsampled/25/0_00000/50138/
downsampled,25,0_00000,False,True,305,25,25,39,50139,downsampled/25/0_00000/50139/
downsampled,25,0_00000,False,True,160,25,25,40,50140,downsampled/25/0_00000/50140/
downsampled,25,0_00000,False,True,166,25,25,41,50141,downsampled/25/0_00000/50141/
downsampled,25,0_00000,False,True,154,25,25,42,50142,downsampled/25/0_00000/50142/
downsampled,25,0_00000,False,True,832,25,25,43,50143,downsampled/25/0_00000/50143/
downsampled,25,0_00000,False,True,443,25,25,44,50144,downsampled/25/0_00000/50144/
downsampled,25,0_00000,False,True,340,25,25,45,50145,downsampled/25/0_00000/50145/
downsampled,25,0_00000,False,True,567,25,25,46,50146,downsampled/25/0_00000/50146/
downsampled,25,0_00000,False,True,222,25,25,47,50147,downsampled/25/0_00000/50147/
downsampled,25,0_00000,False,True,1177,25,25,48,50148,downsampled/25/0_00000/50148/
downsampled,25,0_00000,False,True,406,25,25,49,50149,downsampled/25/0_00000/50149/
downsampled,25,0_00000,False,True,149,25,25,50,50150,downsampled/25/0_00000/50150/
downsampled,10,0_00000,False,True,270,10,10,1,51101,downsampled/10/0_00000/51101/
downsampled,10,0_00000,False,True,1053,10,10,2,51102,downsampled/10/0_00000/51102/
downsampled,10,0_00000,False,True,117,10,10,3,51103,downsampled/10/0_00000/51103/
downsampled,10,0_00000,False,True,1328,10,10,4,51104,downsampled/10/0_00000/51104/
downsampled,10,0_00000,False,True,290,10,10,5,51105,downsampled/10/0_00000/51105/
downsampled,10,0_00000,False,True,725,10,10,6,51106,downsampled/10/0_00000/51106/
downsampled,10,0_00000,False,True,471,10,10,7,51107,downsampled/10/0_00000/51107/
downsampled,10,0_00000,False,True,1057,10,10,8,51108,downsampled/10/0_00000/51108/
downsampled,10,0_00000,False,False,2845,10,10,9,51109,downsampled/10/0_00000/51109/
downsampled,10,0_00000,False,True,403,10,10,10,51110,downsampled/10/0_00000/51110/
downsampled,10,0_00000,False,True,259,10,10,11,51111,downsampled/10/0_00000/51111/
downsampled,10,0_00000,False,True,1483,10,10,12,51112,downsampled/10/0_00000/51112/
downsampled,10,0_00000,False,True,1039,10,10,13,51113,downsampled/10/0_00000/51113/
downsampled,10,0_00000,False,True,1053,10,10,14,51114,downsampled/10/0_00000/51114/
downsampled,10,0_00000,False,True,204,10,10,15,51115,downsampled/10/0_00000/51115/
downsampled,10,0_00000,False,True,267,10,10,16,51116,downsampled/10/0_00000/51116/
downsampled,10,0_00000,False,True,75,10,10,17,51117,downsampled/10/0_00000/51117/
downsampled,10,0_00000,False,True,1331,10,10,18,51118,downsampled/10/0_00000/51118/
downsampled,10,0_00000,False,True,314,10,10,19,51119,downsampled/10/0_00000/51119/
downsampled,10,0_00000,False,True,1230,10,10,20,51120,downsampled/10/0_00000/51120/
downsampled,10,0_00000,False,True,388,10,10,21,51121,downsampled/10/0_00000/51121/
downsampled,10,0_00000,False,True,539,10,10,22,51122,downsampled/10/0_00000/51122/
downsampled,10,0_00000,False,True,72,10,10,23,51123,downsampled/10/0_00000/51123/
downsampled,10,0_00000,False,True,623,10,10,24,51124,downsampled/10/0_00000/51124/
downsampled,10,0_00000,False,True,247,10,10,25,51125,downsampled/10/0_00000/51125/
downsampled,10,0_00000,False,True,364,10,10,26,51126,downsampled/10/0_00000/51126/
downsampled,10,0_00000,False,True,207,10,10,27,51127,downsampled/10/0_00000/51127/
downsampled,10,0_00000,False,True,324,10,10,28,51128,downsampled/10/0_00000/51128/
downsampled,10,0_00000,False,True,793,10,10,29,51129,downsampled/10/0_00000/51129/
downsampled,10,0_00000,False,True,81,10,10,30,51130,downsampled/10/0_00000/51130/
downsampled,10,0_00000,False,True,226,10,10,31,51131,downsampled/10/0_00000/51131/
downsampled,10,0_00000,False,True,290,10,10,32,51132,downsampled/10/0_00000/51132/
downsampled,10,0_00000,False,True,650,10,10,33,51133,downsampled/10/0_00000/51133/
downsampled,10,0_00000,False,True,796,10,10,34,51134,downsampled/10/0_00000/51134/
downsampled,10,0_00000,False,True,1023,10,10,35,51135,downsampled/10/0_00000/51135/
downsampled,10,0_00000,False,True,896,10,10,36,51136,downsampled/10/0_00000/51136/
downsampled,10,0_00000,False,True,340,10,10,37,51137,downsampled/10/0_00000/51137/
downsampled,10,0_00000,False,True,829,10,10,38,51138,downsampled/10/0_00000/51138/
downsampled,10,0_00000,False,True,654,10,10,39,51139,downsampled/10/0_00000/51139/
downsampled,10,0_00000,False,True,946,10,10,40,51140,downsampled/10/0_00000/51140/
downsampled,10,0_00000,False,True,530,10,10,41,51141,downsampled/10/0_00000/51141/
downsampled,10,0_00000,False,True,481,10,10,42,51142,downsampled/10/0_00000/51142/
downsampled,10,0_00000,False,True,1276,10,10,43,51143,downsampled/10/0_00000/51143/
downsampled,10,0_00000,False,True,444,10,10,44,51144,downsampled/10/0_00000/51144/
downsampled,10,0_00000,False,True,961,10,10,45,51145,downsampled/10/0_00000/51145/
downsampled,10,0_00000,False,True,448,10,10,46,51146,downsampled/10/0_00000/51146/
downsampled,10,0_00000,False,True,168,10,10,47,51147,downsampled/10/0_00000/51147/
downsampled,10,0_00000,False,True,1148,10,10,48,51148,downsampled/10/0_00000/51148/
downsampled,10,0_00000,False,True,1063,10,10,49,51149,downsampled/10/0_00000/51149/
downsampled,10,0_00000,False,True,1087,10,10,50,51150,downsampled/10/0_00000/51150/
downsampled,5,0_00000,False,True,835,5,5,1,52101,downsampled/5/0_00000/52101/
downsampled,5,0_00000,False,True,764,5,5,2,52102,downsampled/5/0_00000/52102/
downsampled,5,0_00000,False,True,480,5,5,3,52103,downsampled/5/0_00000/52103/
downsampled,5,0_00000,False,True,4167,5,5,4,52104,downsampled/5/0_00000/52104/
downsampled,5,0_00000,False,False,2043,5,5,5,52105,downsampled/5/0_00000/52105/
downsampled,5,0_00000,False,True,561,5,5,6,52106,downsampled/5/0_00000/52106/
downsampled,5,0_00000,False,True,618,5,5,7,52107,downsampled/5/0_00000/52107/
downsampled,5,0_00000,False,True,586,5,5,8,52108,downsampled/5/0_00000/52108/
downsampled,5,0_00000,False,True,1231,5,5,9,52109,downsampled/5/0_00000/52109/
downsampled,5,0_00000,False,True,573,5,5,10,52110,downsampled/5/0_00000/52110/
downsampled,5,0_00000,False,True,474,5,5,11,52111,downsampled/5/0_00000/52111/
downsampled,5,0_00000,False,True,4519,5,5,12,52112,downsampled/5/0_00000/52112/
downsampled,5,0_00000,False,True,354,5,5,13,52113,downsampled/5/0_00000/52113/
downsampled,5,0_00000,False,True,240,5,5,14,52114,downsampled/5/0_00000/52114/
downsampled,5,0_00000,False,True,881,5,5,15,52115,downsampled/5/0_00000/52115/
downsampled,5,0_00000,False,True,1128,5,5,16,52116,downsampled/5/0_00000/52116/
downsampled,5,0_00000,False,True,1118,5,5,17,52117,downsampled/5/0_00000/52117/
downsampled,5,0_00000,False,True,792,5,5,18,52118,downsampled/5/0_00000/52118/
downsampled,5,0_00000,False,True,898,5,5,19,52119,downsampled/5/0_00000/52119/
downsampled,5,0_00000,False,True,230,5,5,20,52120,downsampled/5/0_00000/52120/
downsampled,5,0_00000,False,True,421,5,5,21,52121,downsampled/5/0_00000/52121/
downsampled,5,0_00000,False,True,249,5,5,22,52122,downsampled/5/0_00000/52122/
downsampled,5,0_00000,False,True,506,5,5,23,52123,downsampled/5/0_00000/52123/
downsampled,5,0_00000,False,True,1788,5,5,24,52124,downsampled/5/0_00000/52124/
downsampled,5,0_00000,False,True,262,5,5,25,52125,downsampled/5/0_00000/52125/
downsampled,5,0_00000,False,True,105,5,5,26,52126,downsampled/5/0_00000/52126/
downsampled,5,0_00000,False,True,582,5,5,27,52127,downsampled/5/0_00000/52127/
downsampled,5,0_00000,False,True,1394,5,5,28,52128,downsampled/5/0_00000/52128/
downsampled,5,0_00000,False,True,1617,5,5,29,52129,downsampled/5/0_00000/52129/
downsampled,5,0_00000,False,True,318,5,5,30,52130,downsampled/5/0_00000/52130/
downsampled,5,0_00000,False,True,650,5,5,31,52131,downsampled/5/0_00000/52131/
downsampled,5,0_00000,False,True,598,5,5,32,52132,downsampled/5/0_00000/52132/
downsampled,5,0_00000,False,True,1104,5,5,33,52133,downsampled/5/0_00000/52133/
downsampled,5,0_00000,False,False,4811,5,5,34,52134,downsampled/5/0_00000/52134/
downsampled,5,0_00000,False,True,658,5,5,35,52135,downsampled/5/0_00000/52135/
downsampled,5,0_00000,False,True,837,5,5,36,52136,downsampled/5/0_00000/52136/
downsampled,5,0_00000,False,True,569,5,5,37,52137,downsampled/5/0_00000/52137/
downsampled,5,0_00000,False,True,991,5,5,38,52138,downsampled/5/0_00000/52138/
downsampled,5,0_00000,False,True,801,5,5,39,52139,downsampled/5/0_00000/52139/
downsampled,5,0_00000,False,True,499,5,5,40,52140,downsampled/5/0_00000/52140/
downsampled,5,0_00000,False,True,143,5,5,41,52141,downsampled/5/0_00000/52141/
downsampled,5,0_00000,False,True,1032,5,5,42,52142,downsampled/5/0_00000/52142/
downsampled,5,0_00000,False,True,1804,5,5,43,52143,downsampled/5/0_00000/52143/
downsampled,5,0_00000,False,True,364,5,5,44,52144,downsampled/5/0_00000/52144/
downsampled,5,0_00000,False,True,666,5,5,45,52145,downsampled/5/0_00000/52145/
downsampled,5,0_00000,False,True,487,5,5,46,52146,downsampled/5/0_00000/52146/
downsampled,5,0_00000,False,True,536,5,5,47,52147,downsampled/5/0_00000/52147/
downsampled,5,0_00000,False,True,2076,5,5,48,52148,downsampled/5/0_00000/52148/
downsampled,5,0_00000,False,True,163,5,5,49,52149,downsampled/5/0_00000/52149/
downsampled,5,0_00000,False,True,335,5,5,50,52150,downsampled/5/0_00000/52150/
